# Host: localhost  (Version: 5.6.30)
# Date: 2017-03-12 10:25:27
# Generator: MySQL-Front 5.3  (Build 4.214)

/*!40101 SET NAMES utf8 */;

#
# Structure for table "book"
#

DROP TABLE IF EXISTS `book`;
CREATE TABLE `book` (
  `bookID` int(11) NOT NULL AUTO_INCREMENT,
  `authors` varchar(50) NOT NULL,
  `bookClass` varchar(50) DEFAULT NULL,
  `bookPatterns` varchar(10) DEFAULT NULL,
  `bookPosition` varchar(10) DEFAULT NULL,
  `bookStyle` varchar(20) NOT NULL,
  `bookTitle` varchar(50) NOT NULL,
  `bookVersion` varchar(10) DEFAULT NULL,
  `clickTimes` int(11) DEFAULT NULL,
  `dynasty` varchar(10) NOT NULL,
  `relatedBook` varchar(100) DEFAULT NULL,
  `summary` mediumtext,
  `totalChapter` int(11) DEFAULT NULL,
  `totalVolume` int(11) DEFAULT NULL,
  `year` datetime DEFAULT NULL,
  PRIMARY KEY (`bookID`)
) ENGINE=InnoDB AUTO_INCREMENT=101 DEFAULT CHARSET=utf8;

#
# Data for table "book"
#

INSERT INTO `book` VALUES (1,'作者17','地理','编','低','纪传体','明史0','百衲本',1,'秦朝',NULL,'明史0地理编纪传体百衲本秦朝',15,1033,'2017-03-11 22:20:54'),(2,'作者15','综合参考','辑','中','编年体','史记1','进呈本',1,'清',NULL,'史记1综合参考辑编年体进呈本清',78,726,'2017-03-11 22:20:54'),(3,'作者0','社科','译','高','国别体','汉书2','孤本',0,'夏朝',NULL,'汉书2社科译国别体孤本夏朝',73,933,'2017-03-11 22:20:54'),(4,'作者21','农业科学','合编','中','编年体','南齐书3','配本',1,' 西周',NULL,'南齐书3农业科学合编编年体配本 西周',69,292,'2017-03-11 22:20:54'),(5,'作者14','经济','注释','高','国别体','辽史 4','进呈本',0,'元',NULL,'辽史 4经济注释国别体进呈本元',22,193,'2017-03-11 22:20:54'),(6,'作者20','军事','辑','低','国别体','晋书5','保留本',0,'秦朝',NULL,'晋书5军事辑国别体保留本秦朝',54,500,'2017-03-11 22:20:54'),(7,'作者4','农业科学','合辑','中','编年体','周书 隋书6','巾箱本',0,' 商朝',NULL,'周书 隋书6农业科学合辑编年体巾箱本 商朝',86,668,'2017-03-11 22:20:55'),(8,'作者20','经济','合编','低','纪传体','后汉书 7','赝本',0,' 战国',NULL,'后汉书 7经济合编纪传体赝本 战国',12,954,'2017-03-11 22:20:55'),(9,'作者37','自然科学','译','低','编年体','金史8','底本',0,'元',NULL,'金史8自然科学译编年体底本元',34,179,'2017-03-11 22:20:55'),(10,'作者37','自然科学','著','中','纪传体','旧唐书9','从书本',0,'唐',NULL,'旧唐书9自然科学著纪传体从书本唐',109,571,'2017-03-11 22:20:55'),(11,'作者37','语言','编','低','纪实本末体','南史10','珍本',0,'清',NULL,'南史10语言编纪实本末体珍本清',83,631,'2017-03-11 22:20:55'),(12,'作者32','综合参考','合编','低','国别体','新唐书11','珍本',0,'清',NULL,'新唐书11综合参考合编国别体珍本清',46,305,'2017-03-11 22:20:55'),(13,'作者40','历史','编','低','编年体','元史12','单行本',0,'秦朝',NULL,'元史12历史编编年体单行本秦朝',12,448,'2017-03-11 22:20:55'),(14,'作者23','历史','合辑','高','纪传体','北史13','绣像本',0,'宋',NULL,'北史13历史合辑纪传体绣像本宋',60,359,'2017-03-11 22:20:55'),(15,'作者45','艺术','合编','高','国别体','新五代史14','石印本',0,'东周',NULL,'新五代史14艺术合编国别体石印本东周',88,946,'2017-03-11 22:20:55'),(16,'作者14','农业科学','编','中','纪实本末体','辽史 15','足本',0,' 西周',NULL,'辽史 15农业科学编纪实本末体足本 西周',61,363,'2017-03-11 22:20:55'),(17,'作者23','法律','编','低','纪传体','辽史 16','禁书本',0,'元',NULL,'辽史 16法律编纪传体禁书本元',16,573,'2017-03-11 22:20:55'),(18,'作者23','工程技术','合著','高','编年体','元史17','禁毁本',0,' 春秋',NULL,'元史17工程技术合著编年体禁毁本 春秋',32,109,'2017-03-11 22:20:55'),(19,'作者10','自然科学','合译','中','编年体','新唐书18','选本',0,' 春秋',NULL,'新唐书18自然科学合译编年体选本 春秋',102,574,'2017-03-11 22:20:55'),(20,'作者30','军事','著','低','纪实本末体','南史19','秘本',0,' 西周',NULL,'南史19军事著纪实本末体秘本 西周',52,1002,'2017-03-11 22:20:55'),(21,'作者10','地理','译','低','编年体','三国志20','秘本',0,'东周',NULL,'三国志20地理译编年体秘本东周',13,328,'2017-03-11 22:20:55'),(22,'作者11','哲学','合著','中','国别体','后汉书 21','巾箱本',0,'元',NULL,'后汉书 21哲学合著国别体巾箱本元',39,136,'2017-03-11 22:20:55'),(23,'作者45','法律','辑','中','纪实本末体','汉书22','选本',0,'元',NULL,'汉书22法律辑纪实本末体选本元',49,777,'2017-03-11 22:20:55'),(24,'作者41','教、科、文、体','辑','低','纪传体','新五代史23','保留本',0,'夏朝',NULL,'新五代史23教、科、文、体辑纪传体保留本夏朝',21,967,'2017-03-11 22:20:55'),(25,'作者19','哲学','著','低','国别体','北史24','通行本',0,' 春秋',NULL,'北史24哲学著国别体通行本 春秋',10,888,'2017-03-11 22:20:55'),(26,'作者12','自然科学','译','高','编年体','辽史 25','进呈本',0,'夏朝',NULL,'辽史 25自然科学译编年体进呈本夏朝',15,883,'2017-03-11 22:20:55'),(27,'作者9','教、科、文、体','辑','高','编年体','辽史 26','巾箱本',0,'东周',NULL,'辽史 26教、科、文、体辑编年体巾箱本东周',63,220,'2017-03-11 22:20:55'),(28,'作者46','社科','合辑','低','纪实本末体','北齐书27','单行本',0,' 春秋',NULL,'北齐书27社科合辑纪实本末体单行本 春秋',16,420,'2017-03-11 22:20:56'),(29,'作者4','艺术','编','中','纪实本末体','旧五代史28','底本',0,'夏朝',NULL,'旧五代史28艺术编纪实本末体底本夏朝',101,770,'2017-03-11 22:20:56'),(30,'作者12','社科','合著','低','纪传体','梁书29','秘本',0,'夏朝',NULL,'梁书29社科合著纪传体秘本夏朝',24,499,'2017-03-11 22:20:56'),(31,'作者29','医药卫生','著','高','国别体','汉书30','秘本',0,'东周',NULL,'汉书30医药卫生著国别体秘本东周',15,604,'2017-03-11 22:20:56'),(32,'作者35','语言','注释','低','纪传体','梁书31','补本',0,'唐',NULL,'梁书31语言注释纪传体补本唐',73,521,'2017-03-11 22:20:56'),(33,'作者31','社科','合译','低','纪实本末体','元史32','绣像本',0,'秦朝',NULL,'元史32社科合译纪实本末体绣像本秦朝',46,354,'2017-03-11 22:20:56'),(34,'作者44','哲学','译','高','纪传体','周书 隋书33','配本',0,' 春秋',NULL,'周书 隋书33哲学译纪传体配本 春秋',96,500,'2017-03-11 22:20:56'),(35,'作者24','工程技术','合译','低','编年体','南史34','禁书本',0,' 春秋',NULL,'南史34工程技术合译编年体禁书本 春秋',19,867,'2017-03-11 22:20:56'),(36,'作者36','经济','著','低','纪传体','旧唐书35','配本',0,'唐',NULL,'旧唐书35经济著纪传体配本唐',19,176,'2017-03-11 22:20:56'),(37,'作者33','法律','著','中','国别体','陈书36','配本',0,'元',NULL,'陈书36法律著国别体配本元',85,860,'2017-03-11 22:20:56'),(38,'作者36','农业科学','辑','中','国别体','陈书37','赝本',0,' 西周',NULL,'陈书37农业科学辑国别体赝本 西周',69,851,'2017-03-11 22:20:56'),(39,'作者4','军事','合编','低','国别体','新唐书38','秘本',0,'元',NULL,'新唐书38军事合编国别体秘本元',72,1074,'2017-03-11 22:20:56'),(40,'作者32','自然科学','注释','中','纪实本末体','魏书39','手抄本',0,' 西周',NULL,'魏书39自然科学注释纪实本末体手抄本 西周',18,518,'2017-03-11 22:20:56'),(41,'作者48','军事','合译','中','纪实本末体','汉书40','巾箱本',0,'夏朝',NULL,'汉书40军事合译纪实本末体巾箱本夏朝',90,614,'2017-03-11 22:20:56'),(42,'作者24','艺术','译','低','纪实本末体','新唐书41','单行本',0,'唐',NULL,'新唐书41艺术译纪实本末体单行本唐',22,740,'2017-03-11 22:20:56'),(43,'作者14','历史','合辑','低','编年体','三国志42','补本',0,'元',NULL,'三国志42历史合辑编年体补本元',89,1098,'2017-03-11 22:20:56'),(44,'作者4','农业科学','译','高','国别体','金史43','善本',0,'秦朝',NULL,'金史43农业科学译国别体善本秦朝',44,603,'2017-03-11 22:20:57'),(45,'作者26','历史','译','高','国别体','汉书44','珍本',0,'清',NULL,'汉书44历史译国别体珍本清',77,716,'2017-03-11 22:20:57'),(46,'作者0','农业科学','著','低','纪实本末体','汉书45','从书本',0,'东周',NULL,'汉书45农业科学著纪实本末体从书本东周',100,1058,'2017-03-11 22:20:57'),(47,'作者25','教、科、文、体','合译','高','纪实本末体','南史46','百衲本',0,'明',NULL,'南史46教、科、文、体合译纪实本末体百衲本明',41,729,'2017-03-11 22:20:57'),(48,'作者22','工程技术','合编','中','纪实本末体','梁书47','巾箱本',0,' 春秋',NULL,'梁书47工程技术合编纪实本末体巾箱本 春秋',13,333,'2017-03-11 22:20:57'),(49,'作者3','艺术','著','中','国别体','周书 隋书48','邋遢本',0,'秦朝',NULL,'周书 隋书48艺术著国别体邋遢本秦朝',103,1003,'2017-03-11 22:20:57'),(50,'作者24','哲学','编','中','纪传体','晋书49','禁毁本',0,'清',NULL,'晋书49哲学编纪传体禁毁本清',105,787,'2017-03-11 22:20:57'),(51,'作者15','历史','辑','低','纪传体','北史50','单行本',0,'东周',NULL,'北史50历史辑纪传体单行本东周',46,627,'2017-03-11 22:20:57'),(52,'作者40','地理','注释','高','编年体','南齐书51','珍本',0,'夏朝',NULL,'南齐书51地理注释编年体珍本夏朝',78,584,'2017-03-11 22:20:57'),(53,'作者34','哲学','合著','高','纪传体','新唐书52','足本',0,' 商朝',NULL,'新唐书52哲学合著纪传体足本 商朝',40,805,'2017-03-11 22:20:57'),(54,'作者14','教、科、文、体','合译','高','纪实本末体','新五代史53','从书本',0,'明',NULL,'新五代史53教、科、文、体合译纪实本末体从书本明',52,367,'2017-03-11 22:20:57'),(55,'作者29','自然科学','合编','中','纪传体','三国志54','补本',0,'清',NULL,'三国志54自然科学合编纪传体补本清',39,642,'2017-03-11 22:20:58'),(56,'作者2','语言','译','中','国别体','梁书55','通行本',0,'明',NULL,'梁书55语言译国别体通行本明',59,1066,'2017-03-11 22:20:58'),(57,'作者23','马列毛','合著','高','编年体','北史56','秘本',0,' 战国',NULL,'北史56马列毛合著编年体秘本 战国',61,1039,'2017-03-11 22:20:58'),(58,'作者12','军事','注释','低','纪传体','宋书57','通行本',0,' 春秋',NULL,'宋书57军事注释纪传体通行本 春秋',14,1040,'2017-03-11 22:20:58'),(59,'作者10','马列毛','注释','高','编年体','旧五代史58','底本',0,' 商朝',NULL,'旧五代史58马列毛注释编年体底本 商朝',103,359,'2017-03-11 22:20:58'),(60,'作者32','语言','著','中','纪实本末体','旧五代史59','百衲本',0,'宋',NULL,'旧五代史59语言著纪实本末体百衲本宋',24,234,'2017-03-11 22:20:58'),(61,'作者21','法律','辑','高','国别体','新唐书60','选本',0,' 春秋',NULL,'新唐书60法律辑国别体选本 春秋',84,931,'2017-03-11 22:20:58'),(62,'作者26','工程技术','合编','低','纪传体','辽史 61','珍本',0,'宋',NULL,'辽史 61工程技术合编纪传体珍本宋',88,732,'2017-03-11 22:20:58'),(63,'作者44','语言','译','高','纪传体','周书 隋书62','石印本',0,'夏朝',NULL,'周书 隋书62语言译纪传体石印本夏朝',22,588,'2017-03-11 22:20:59'),(64,'作者44','社科','合辑','低','纪实本末体','梁书63','邋遢本',0,' 战国',NULL,'梁书63社科合辑纪实本末体邋遢本 战国',50,533,'2017-03-11 22:20:59'),(65,'作者16','教、科、文、体','著','低','纪传体','新五代史64','赝本',0,'元',NULL,'新五代史64教、科、文、体著纪传体赝本元',101,135,'2017-03-11 22:20:59'),(66,'作者46','艺术','合译','高','国别体','旧唐书65','禁书本',0,'清',NULL,'旧唐书65艺术合译国别体禁书本清',58,486,'2017-03-11 22:20:59'),(67,'作者46','语言','合辑','中','编年体','南齐书66','足本',0,'唐',NULL,'南齐书66语言合辑编年体足本唐',43,1042,'2017-03-11 22:20:59'),(68,'作者39','工程技术','辑','中','纪实本末体','魏书67','巾箱本',0,'宋',NULL,'魏书67工程技术辑纪实本末体巾箱本宋',80,829,'2017-03-11 22:20:59'),(69,'作者46','哲学','著','中','纪传体','元史68','巾箱本',0,'明',NULL,'元史68哲学著纪传体巾箱本明',49,464,'2017-03-11 22:20:59'),(70,'作者6','文学','编','低','国别体','新唐书69','珍本',0,'东周',NULL,'新唐书69文学编国别体珍本东周',64,106,'2017-03-11 22:20:59'),(71,'作者44','经济','合辑','中','国别体','宋史70','邋遢本',0,'明',NULL,'宋史70经济合辑国别体邋遢本明',28,399,'2017-03-11 22:20:59'),(72,'作者48','综合参考','辑','中','纪传体','周书 隋书71','孤本',0,' 春秋',NULL,'周书 隋书71综合参考辑纪传体孤本 春秋',28,431,'2017-03-11 22:20:59'),(73,'作者14','农业科学','辑','低','国别体','辽史 72','百衲本',0,' 战国',NULL,'辽史 72农业科学辑国别体百衲本 战国',103,179,'2017-03-11 22:20:59'),(74,'作者1','综合参考','合著','高','纪传体','陈书73','单行本',0,'明',NULL,'陈书73综合参考合著纪传体单行本明',93,274,'2017-03-11 22:21:00'),(75,'作者12','地理','合译','低','编年体','晋书74','选本',0,'东周',NULL,'晋书74地理合译编年体选本东周',43,542,'2017-03-11 22:21:00'),(76,'作者26','地理','合编','中','纪传体','周书 隋书75','珍本',0,'元',NULL,'周书 隋书75地理合编纪传体珍本元',96,632,'2017-03-11 22:21:00'),(77,'作者29','社科','注释','高','编年体','金史76','绣像本',0,' 春秋',NULL,'金史76社科注释编年体绣像本 春秋',21,663,'2017-03-11 22:21:00'),(78,'作者2','法律','著','低','纪实本末体','陈书77','禁书本',0,'清',NULL,'陈书77法律著纪实本末体禁书本清',84,312,'2017-03-11 22:21:00'),(79,'作者33','自然科学','合译','低','国别体','周书 隋书78','秘本',0,'宋',NULL,'周书 隋书78自然科学合译国别体秘本宋',82,798,'2017-03-11 22:21:00'),(80,'作者18','马列毛','著','中','国别体','北齐书79','足本',0,' 春秋',NULL,'北齐书79马列毛著国别体足本 春秋',84,890,'2017-03-11 22:21:00'),(81,'作者11','语言','合编','高','纪传体','元史80','绣像本',0,' 西周',NULL,'元史80语言合编纪传体绣像本 西周',91,795,'2017-03-11 22:21:00'),(82,'作者41','社科','合编','中','国别体','史记81','禁毁本',0,'明',NULL,'史记81社科合编国别体禁毁本明',70,856,'2017-03-11 22:21:00'),(83,'作者46','哲学','著','高','国别体','旧唐书82','善本',0,' 春秋',NULL,'旧唐书82哲学著国别体善本 春秋',87,540,'2017-03-11 22:21:00'),(84,'作者7','军事','合编','中','编年体','汉书83','足本',0,'东周',NULL,'汉书83军事合编编年体足本东周',108,617,'2017-03-11 22:21:00'),(85,'作者44','文学','合著','低','编年体','南史84','百衲本',0,'夏朝',NULL,'南史84文学合著编年体百衲本夏朝',66,1004,'2017-03-11 22:21:00'),(86,'作者43','军事','辑','中','纪传体','旧唐书85','邋遢本',0,'明',NULL,'旧唐书85军事辑纪传体邋遢本明',53,163,'2017-03-11 22:21:00'),(87,'作者3','社科','辑','中','纪传体','辽史 86','禁书本',0,'东周',NULL,'辽史 86社科辑纪传体禁书本东周',77,715,'2017-03-11 22:21:00'),(88,'作者39','教、科、文、体','合编','低','纪实本末体','南齐书87','石印本',0,'秦朝',NULL,'南齐书87教、科、文、体合编纪实本末体石印本秦朝',82,225,'2017-03-11 22:21:00'),(89,'作者7','马列毛','译','中','纪传体','南史88','石印本',0,' 春秋',NULL,'南史88马列毛译纪传体石印本 春秋',24,558,'2017-03-11 22:21:01'),(90,'作者16','哲学','辑','中','纪传体','宋书89','善本',0,'明',NULL,'宋书89哲学辑纪传体善本明',75,699,'2017-03-11 22:21:01'),(91,'作者36','历史','注释','低','纪传体','南齐书90','足本',0,'东周',NULL,'南齐书90历史注释纪传体足本东周',66,387,'2017-03-11 22:21:01'),(92,'作者46','教、科、文、体','编','中','纪实本末体','金史91','禁毁本',0,'夏朝',NULL,'金史91教、科、文、体编纪实本末体禁毁本夏朝',12,1034,'2017-03-11 22:21:01'),(93,'作者43','社科','注释','中','编年体','晋书92','孤本',0,' 西周',NULL,'晋书92社科注释编年体孤本 西周',85,768,'2017-03-11 22:21:01'),(94,'作者1','综合参考','合编','低','纪传体','旧唐书93','从书本',0,'明',NULL,'旧唐书93综合参考合编纪传体从书本明',70,510,'2017-03-11 22:21:01'),(95,'作者41','哲学','编','高','编年体','明史94','从书本',0,'清',NULL,'明史94哲学编编年体从书本清',46,460,'2017-03-11 22:21:01'),(96,'作者17','法律','译','低','国别体','新五代史95','从书本',0,'清',NULL,'新五代史95法律译国别体从书本清',66,298,'2017-03-11 22:21:01'),(97,'作者40','经济','著','中','纪传体','南史96','秘本',0,'元',NULL,'南史96经济著纪传体秘本元',28,158,'2017-03-11 22:21:01'),(98,'作者30','艺术','辑','高','国别体','北齐书97','珍本',0,'元',NULL,'北齐书97艺术辑国别体珍本元',43,733,'2017-03-11 22:21:01'),(99,'作者13','农业科学','合辑','低','国别体','金史98','禁毁本',0,' 战国',NULL,'金史98农业科学合辑国别体禁毁本 战国',58,517,'2017-03-11 22:21:01'),(100,'作者29','语言','注释','高','国别体','北齐书99','节本',0,' 战国',NULL,'北齐书99语言注释国别体节本 战国',29,1080,'2017-03-11 22:21:02');

#
# Structure for table "bookcontent"
#

DROP TABLE IF EXISTS `bookcontent`;
CREATE TABLE `bookcontent` (
  `bookID` int(11) DEFAULT NULL,
  `bookContent` text
) ENGINE=InnoDB DEFAULT CHARSET=utf8;

#
# Data for table "bookcontent"
#


#
# Structure for table "collect"
#

DROP TABLE IF EXISTS `collect`;
CREATE TABLE `collect` (
  `collectId` int(11) NOT NULL AUTO_INCREMENT,
  `bookID` int(11) NOT NULL,
  `bookTitle` varchar(50) NOT NULL,
  `collectDate` datetime DEFAULT NULL,
  `userID` int(11) NOT NULL,
  `userName` varchar(50) NOT NULL,
  PRIMARY KEY (`collectId`)
) ENGINE=InnoDB AUTO_INCREMENT=4 DEFAULT CHARSET=utf8;

#
# Data for table "collect"
#

INSERT INTO `collect` VALUES (1,1,'明史0','2017-03-11 22:31:48',1,'test_user'),(2,2,'史记1','2017-03-12 10:07:41',51,'test49'),(3,4,'南齐书3','2017-03-12 10:07:53',51,'test49');

#
# Structure for table "user"
#

DROP TABLE IF EXISTS `user`;
CREATE TABLE `user` (
  `userID` int(11) NOT NULL AUTO_INCREMENT,
  `userName` varchar(50) NOT NULL,
  `passWord` varchar(50) NOT NULL DEFAULT '',
  `userEmail` varchar(30) NOT NULL DEFAULT '',
  `registerDate` datetime DEFAULT NULL,
  `checkCode` varchar(50) DEFAULT NULL,
  `userState` int(2) DEFAULT NULL,
  `userGroup` int(2) DEFAULT NULL,
  PRIMARY KEY (`userID`),
  UNIQUE KEY `userName` (`userName`)
) ENGINE=InnoDB AUTO_INCREMENT=2 DEFAULT CHARSET=utf8;

#
# Data for table "user"
#

INSERT INTO `user` VALUES (1,'root','4QrcOUm6Wau+VuBX8g+IPg==','sdu_doc@163.com','2017-03-11 22:30:23','dad0eb4f5204cedf3341760b75b39b86',1,10),(2,'test0','4QrcOUm6Wau+VuBX8g+IPg==','me@zhangjikai.com','2017-03-12 09:56:37','g3zOn94YybMQh4oNdH6ptA==',1,1),(3,'test1','4QrcOUm6Wau+VuBX8g+IPg==','me@zhangjikai.com','2017-03-12 09:56:38','g3zOn94YybMQh4oNdH6ptA==',1,1),(4,'test2','4QrcOUm6Wau+VuBX8g+IPg==','me@zhangjikai.com','2017-03-12 09:56:39','g3zOn94YybMQh4oNdH6ptA==',1,1),(5,'test3','4QrcOUm6Wau+VuBX8g+IPg==','me@zhangjikai.com','2017-03-12 09:56:40','g3zOn94YybMQh4oNdH6ptA==',1,1),(6,'test4','4QrcOUm6Wau+VuBX8g+IPg==','me@zhangjikai.com','2017-03-12 09:56:41','g3zOn94YybMQh4oNdH6ptA==',1,1),(7,'test5','4QrcOUm6Wau+VuBX8g+IPg==','me@zhangjikai.com','2017-03-12 09:56:43','g3zOn94YybMQh4oNdH6ptA==',1,1),(8,'test6','4QrcOUm6Wau+VuBX8g+IPg==','me@zhangjikai.com','2017-03-12 09:56:44','g3zOn94YybMQh4oNdH6ptA==',1,1),(9,'test7','4QrcOUm6Wau+VuBX8g+IPg==','me@zhangjikai.com','2017-03-12 09:56:45','g3zOn94YybMQh4oNdH6ptA==',1,1),(10,'test8','4QrcOUm6Wau+VuBX8g+IPg==','me@zhangjikai.com','2017-03-12 09:56:46','g3zOn94YybMQh4oNdH6ptA==',1,1),(11,'test9','4QrcOUm6Wau+VuBX8g+IPg==','me@zhangjikai.com','2017-03-12 09:56:47','g3zOn94YybMQh4oNdH6ptA==',1,1),(12,'test10','4QrcOUm6Wau+VuBX8g+IPg==','me@zhangjikai.com','2017-03-12 09:56:48','g3zOn94YybMQh4oNdH6ptA==',1,1),(13,'test11','4QrcOUm6Wau+VuBX8g+IPg==','me@zhangjikai.com','2017-03-12 09:56:49','g3zOn94YybMQh4oNdH6ptA==',1,1),(14,'test12','4QrcOUm6Wau+VuBX8g+IPg==','me@zhangjikai.com','2017-03-12 09:56:50','g3zOn94YybMQh4oNdH6ptA==',1,1),(15,'test13','4QrcOUm6Wau+VuBX8g+IPg==','me@zhangjikai.com','2017-03-12 09:56:51','g3zOn94YybMQh4oNdH6ptA==',1,1),(16,'test14','4QrcOUm6Wau+VuBX8g+IPg==','me@zhangjikai.com','2017-03-12 09:56:52','g3zOn94YybMQh4oNdH6ptA==',1,1),(17,'test15','4QrcOUm6Wau+VuBX8g+IPg==','me@zhangjikai.com','2017-03-12 09:56:54','g3zOn94YybMQh4oNdH6ptA==',1,1),(18,'test16','4QrcOUm6Wau+VuBX8g+IPg==','me@zhangjikai.com','2017-03-12 09:56:55','g3zOn94YybMQh4oNdH6ptA==',1,1),(19,'test17','4QrcOUm6Wau+VuBX8g+IPg==','me@zhangjikai.com','2017-03-12 09:56:56','g3zOn94YybMQh4oNdH6ptA==',1,1),(20,'test18','4QrcOUm6Wau+VuBX8g+IPg==','me@zhangjikai.com','2017-03-12 09:56:57','g3zOn94YybMQh4oNdH6ptA==',1,1),(21,'test19','4QrcOUm6Wau+VuBX8g+IPg==','me@zhangjikai.com','2017-03-12 09:56:58','g3zOn94YybMQh4oNdH6ptA==',1,1),(22,'test20','4QrcOUm6Wau+VuBX8g+IPg==','me@zhangjikai.com','2017-03-12 09:56:59','g3zOn94YybMQh4oNdH6ptA==',1,1),(23,'test21','4QrcOUm6Wau+VuBX8g+IPg==','me@zhangjikai.com','2017-03-12 09:57:00','g3zOn94YybMQh4oNdH6ptA==',1,1),(24,'test22','4QrcOUm6Wau+VuBX8g+IPg==','me@zhangjikai.com','2017-03-12 09:57:01','g3zOn94YybMQh4oNdH6ptA==',1,1),(25,'test23','4QrcOUm6Wau+VuBX8g+IPg==','me@zhangjikai.com','2017-03-12 09:57:02','g3zOn94YybMQh4oNdH6ptA==',1,1),(26,'test24','4QrcOUm6Wau+VuBX8g+IPg==','me@zhangjikai.com','2017-03-12 09:57:03','g3zOn94YybMQh4oNdH6ptA==',1,1),(27,'test25','4QrcOUm6Wau+VuBX8g+IPg==','me@zhangjikai.com','2017-03-12 09:57:04','g3zOn94YybMQh4oNdH6ptA==',1,1),(28,'test26','4QrcOUm6Wau+VuBX8g+IPg==','me@zhangjikai.com','2017-03-12 09:57:06','g3zOn94YybMQh4oNdH6ptA==',1,1),(29,'test27','4QrcOUm6Wau+VuBX8g+IPg==','me@zhangjikai.com','2017-03-12 09:57:07','g3zOn94YybMQh4oNdH6ptA==',1,1),(30,'test28','4QrcOUm6Wau+VuBX8g+IPg==','me@zhangjikai.com','2017-03-12 09:57:08','g3zOn94YybMQh4oNdH6ptA==',1,1),(31,'test29','4QrcOUm6Wau+VuBX8g+IPg==','me@zhangjikai.com','2017-03-12 09:57:09','g3zOn94YybMQh4oNdH6ptA==',1,1),(32,'test30','4QrcOUm6Wau+VuBX8g+IPg==','me@zhangjikai.com','2017-03-12 09:57:10','g3zOn94YybMQh4oNdH6ptA==',1,1),(33,'test31','4QrcOUm6Wau+VuBX8g+IPg==','me@zhangjikai.com','2017-03-12 09:57:11','g3zOn94YybMQh4oNdH6ptA==',1,1),(34,'test32','4QrcOUm6Wau+VuBX8g+IPg==','me@zhangjikai.com','2017-03-12 09:57:12','g3zOn94YybMQh4oNdH6ptA==',1,1),(35,'test33','4QrcOUm6Wau+VuBX8g+IPg==','me@zhangjikai.com','2017-03-12 09:57:13','g3zOn94YybMQh4oNdH6ptA==',1,1),(36,'test34','4QrcOUm6Wau+VuBX8g+IPg==','me@zhangjikai.com','2017-03-12 09:57:14','g3zOn94YybMQh4oNdH6ptA==',1,1),(37,'test35','4QrcOUm6Wau+VuBX8g+IPg==','me@zhangjikai.com','2017-03-12 09:57:15','g3zOn94YybMQh4oNdH6ptA==',1,1),(38,'test36','4QrcOUm6Wau+VuBX8g+IPg==','me@zhangjikai.com','2017-03-12 09:57:16','g3zOn94YybMQh4oNdH6ptA==',1,1),(39,'test37','4QrcOUm6Wau+VuBX8g+IPg==','me@zhangjikai.com','2017-03-12 09:57:18','g3zOn94YybMQh4oNdH6ptA==',1,1),(40,'test38','4QrcOUm6Wau+VuBX8g+IPg==','me@zhangjikai.com','2017-03-12 09:57:19','g3zOn94YybMQh4oNdH6ptA==',1,1),(41,'test39','4QrcOUm6Wau+VuBX8g+IPg==','me@zhangjikai.com','2017-03-12 09:57:20','g3zOn94YybMQh4oNdH6ptA==',1,1),(42,'test40','4QrcOUm6Wau+VuBX8g+IPg==','me@zhangjikai.com','2017-03-12 09:57:21','g3zOn94YybMQh4oNdH6ptA==',1,1),(43,'test41','4QrcOUm6Wau+VuBX8g+IPg==','me@zhangjikai.com','2017-03-12 09:57:22','g3zOn94YybMQh4oNdH6ptA==',1,1),(44,'test42','4QrcOUm6Wau+VuBX8g+IPg==','me@zhangjikai.com','2017-03-12 09:57:23','g3zOn94YybMQh4oNdH6ptA==',1,1),(45,'test43','4QrcOUm6Wau+VuBX8g+IPg==','me@zhangjikai.com','2017-03-12 09:57:24','g3zOn94YybMQh4oNdH6ptA==',1,1),(46,'test44','4QrcOUm6Wau+VuBX8g+IPg==','me@zhangjikai.com','2017-03-12 09:57:25','g3zOn94YybMQh4oNdH6ptA==',1,1),(47,'test45','4QrcOUm6Wau+VuBX8g+IPg==','me@zhangjikai.com','2017-03-12 09:57:26','g3zOn94YybMQh4oNdH6ptA==',1,1),(48,'test46','4QrcOUm6Wau+VuBX8g+IPg==','me@zhangjikai.com','2017-03-12 09:57:27','g3zOn94YybMQh4oNdH6ptA==',1,1),(49,'test47','4QrcOUm6Wau+VuBX8g+IPg==','me@zhangjikai.com','2017-03-12 09:57:29','g3zOn94YybMQh4oNdH6ptA==',1,1),(50,'test48','4QrcOUm6Wau+VuBX8g+IPg==','me@zhangjikai.com','2017-03-12 09:57:30','g3zOn94YybMQh4oNdH6ptA==',1,1),(51,'test49','4QrcOUm6Wau+VuBX8g+IPg==','me@zhangjikai.com','2017-03-12 09:57:31','g3zOn94YybMQh4oNdH6ptA==',1,1);

#
# Structure for table "log"
#

DROP TABLE IF EXISTS `log`;
CREATE TABLE `log` (
  `logId` int(11) NOT NULL AUTO_INCREMENT,
  `ip` varchar(20) DEFAULT NULL,
  `method` varchar(100) DEFAULT NULL,
  `time` datetime DEFAULT NULL,
  `userId` int(11) DEFAULT NULL,
  PRIMARY KEY (`logId`),
  KEY `FK_arc0tkngoycg2x7mlmk3ux35s` (`userId`),
  CONSTRAINT `FK_arc0tkngoycg2x7mlmk3ux35s` FOREIGN KEY (`userId`) REFERENCES `user` (`userID`)
) ENGINE=InnoDB AUTO_INCREMENT=12 DEFAULT CHARSET=utf8;

#
# Data for table "log"
#

INSERT INTO `log` VALUES (1,NULL,'登录系统','2017-03-11 22:31:24',1),(2,NULL,'查看书籍: 明史0','2017-03-11 22:31:42',1),(3,NULL,'收藏书籍: 明史0','2017-03-11 22:31:48',1),(4,NULL,'登录系统','2017-03-12 10:05:56',1),(5,NULL,'登录系统','2017-03-12 10:07:23',51),(6,NULL,'查看书籍: 史记1','2017-03-12 10:07:39',51),(7,NULL,'收藏书籍: 史记1','2017-03-12 10:07:42',51),(8,NULL,'查看书籍: 南齐书3','2017-03-12 10:07:51',51),(9,NULL,'收藏书籍: 南齐书3','2017-03-12 10:07:53',51),(10,NULL,'登录系统','2017-03-12 10:09:23',1),(11,NULL,'登录系统','2017-03-12 10:10:04',1);

#
# Structure for table "click"
#

DROP TABLE IF EXISTS `click`;
CREATE TABLE `click` (
  `clickId` int(11) NOT NULL AUTO_INCREMENT,
  `bookID` int(11) DEFAULT NULL,
  `userId` int(11) DEFAULT NULL,
  PRIMARY KEY (`clickId`),
  KEY `FK_83hctujr5w36lww4xu5w5ugbs` (`bookID`),
  KEY `FK_g6g3pt106nxo97gxvhs29ocrr` (`userId`),
  CONSTRAINT `FK_83hctujr5w36lww4xu5w5ugbs` FOREIGN KEY (`bookID`) REFERENCES `book` (`bookID`),
  CONSTRAINT `FK_g6g3pt106nxo97gxvhs29ocrr` FOREIGN KEY (`userId`) REFERENCES `user` (`userID`)
) ENGINE=InnoDB AUTO_INCREMENT=4 DEFAULT CHARSET=utf8;

#
# Data for table "click"
#

INSERT INTO `click` VALUES (1,1,1),(2,2,51),(3,4,51);
